Title,Quantity
-Fashion-Men-Shirt/xl / black,10
-Fashion-Men-Shirt/xl / red,10
-Fashion-Men-Shirt/xxl / black,10
-Fashion-Men-Shirt/xxl / red,10
black and white top,10
blue-red-top8,10
Buy Rudraksha Black1,10
cats_again_women_s_t-shirt_baby_blue_,10
embroidered-womens-tops,10
Entertainment apparel mens,10
Entertainment apparel mens1,10
Free-shipping-New-women-s-,10
green top,1
green top4,1
half sleev shirt,1
Indian-chief-3D-printed-tshirts,10
men-s-hooded-t-shirts,10
men-s-t-shirts,10
mens-round-neck-t-shirts-1276048,10
New-2015-Summer-Fashion-women-t,10
Prom-Shoes-For-Western-Girl,10
red half sleev shirt,1
RSPCA T-shirts,10
sleepers,1
static.theiconic.com.au_p_the-horse,10
t-shirt-women-11,10
The beatless top,10
Top Sale Angel Girl,10
white shirt,10
white-dress-shirt-men-casual,10
womans t-shirt,10
Women's Watches,10
women-s-half-sleeve-t-shirt,10
